City_ID,City,Country,Date,Lat,Lng,Max Temp,Humidity,Cloudiness,Wind Speed
0,Esperance,AU,2022-05-30 14:54:59,-33.8667,121.9,58.19,72,100,13.09
1,Timucuy,MX,2022-05-30 14:54:59,20.8167,-89.5167,84.16,65,75,16.11
2,Busselton,AU,2022-05-30 14:54:59,-33.65,115.3333,53.78,87,1,8.12
3,Uturoa,PF,2022-05-30 14:55:00,-16.7333,-151.4333,79.66,68,93,9.71
4,Puerto Ayora,EC,2022-05-30 14:55:00,-0.7393,-90.3518,73.36,85,99,10.16
5,Tevaitoa,PF,2022-05-30 14:55:00,-16.7833,-151.5,79.59,68,94,9.71
6,Atuona,PF,2022-05-30 14:55:01,-9.8,-139.0333,77.79,75,89,13.56
7,Arraial Do Cabo,BR,2022-05-30 14:55:01,-22.9661,-42.0278,80.56,73,0,14.97
8,Albany,US,2022-05-30 14:51:38,42.6001,-73.9662,78.62,63,56,2.64
9,Qaanaaq,GL,2022-05-30 14:55:01,77.484,-69.3632,26.26,79,100,7.4
10,Hovd,MN,2022-05-30 14:55:02,48.0056,91.6419,65.26,24,99,6.55
11,Ushuaia,AR,2022-05-30 14:52:49,-54.8,-68.3,42.46,87,75,25.32
12,Hasaki,JP,2022-05-30 14:55:02,35.7333,140.8333,66.6,84,100,16.35
13,Khatanga,RU,2022-05-30 14:55:03,71.9667,102.5,30.72,85,76,9.62
14,Balakhninskiy,RU,2022-05-30 14:55:03,58.0106,114.2769,43.48,83,84,1.52
15,Santiago Del Estero,AR,2022-05-30 14:53:11,-27.7951,-64.2615,52.45,26,100,7.78
16,Hobart,AU,2022-05-30 14:55:03,-42.8794,147.3294,43.05,88,91,9.22
17,Ribeira Grande,PT,2022-05-30 14:55:04,38.5167,-28.7,61.2,88,75,31.07
18,Morondava,MG,2022-05-30 14:51:03,-20.2833,44.2833,77.29,65,0,16.28
19,Fortuna,US,2022-05-30 14:55:04,40.5982,-124.1573,51.93,89,75,5.75
20,Sioux Lookout,CA,2022-05-30 14:55:05,50.1001,-91.917,59.07,100,100,6.91
21,Vaini,TO,2022-05-30 14:55:05,-21.2,-175.2,73.56,94,40,1.14
22,Tazovskiy,RU,2022-05-30 14:55:05,67.4667,78.7,39.79,68,22,18.68
23,Yellowknife,CA,2022-05-30 14:53:32,62.456,-114.3525,46.92,57,20,5.75
24,Kudamatsu,JP,2022-05-30 14:55:06,34.0,131.8667,66.16,98,100,5.68
25,Yumen,CN,2022-05-30 14:55:06,40.2833,97.2,75.24,11,85,9.78
26,Jabinyanah,TN,2022-05-30 14:55:06,35.035,10.9081,93.0,42,75,16.11
27,Chuy,UY,2022-05-30 14:55:07,-33.6971,-53.4616,48.99,56,1,15.68
28,Punta Arenas,CL,2022-05-30 14:51:31,-53.15,-70.9167,44.71,76,0,20.71
29,Weihe,CN,2022-05-30 14:55:07,32.9952,105.3247,62.15,80,100,2.26
30,Georgetown,MY,2022-05-30 14:55:08,5.4112,100.3354,78.73,94,40,7.0
31,Chunhuhub,MX,2022-05-30 14:55:08,19.55,-88.6833,79.07,78,94,5.7
32,Bredasdorp,ZA,2022-05-30 14:55:09,-34.5322,20.0403,59.86,42,65,18.43
33,Guerrero Negro,MX,2022-05-30 14:55:09,27.9769,-114.0611,62.58,70,60,16.71
34,Bluff,NZ,2022-05-30 14:55:09,-46.6,168.3333,53.8,85,63,8.81
35,Nikolskoye,RU,2022-05-30 14:55:10,59.7035,30.7861,69.69,49,73,8.43
36,Anshun,CN,2022-05-30 14:55:10,26.25,105.9333,60.28,85,7,5.01
37,Chapais,CA,2022-05-30 14:54:46,49.7834,-74.8492,49.78,46,100,6.33
38,Kapaa,US,2022-05-30 14:55:10,22.0752,-159.319,69.12,97,20,1.01
39,Naze,JP,2022-05-30 14:55:11,28.3667,129.4833,74.32,93,100,12.26
40,Rawson,AR,2022-05-30 14:55:11,-43.3002,-65.1023,43.77,65,24,16.44
41,Denpasar,ID,2022-05-30 14:54:01,-8.65,115.2167,83.86,84,20,3.44
42,Porto Novo,BJ,2022-05-30 14:55:12,6.4965,2.6036,87.62,62,53,10.76
43,Verkhnyaya Inta,RU,2022-05-30 14:55:12,65.9811,60.3094,56.57,34,65,14.67
44,Rio Grande City,US,2022-05-30 14:55:13,26.3798,-98.8203,84.87,60,8,23.31
45,Caxito,AO,2022-05-30 14:56:13,-8.5785,13.6643,84.76,59,0,8.46
46,Butaritari,KI,2022-05-30 14:56:14,3.0707,172.7902,81.63,72,100,15.82
47,Taonan,CN,2022-05-30 14:56:14,45.3333,122.7833,53.33,49,59,7.7
48,College,US,2022-05-30 14:52:54,64.8569,-147.8028,51.91,71,20,5.75
49,Saskylakh,RU,2022-05-30 14:56:14,71.9167,114.0833,18.32,99,100,3.22
50,Kavaratti,IN,2022-05-30 14:56:15,10.5669,72.642,83.53,71,86,8.95
51,Khuzhir,RU,2022-05-30 14:56:15,53.1939,107.3397,44.58,59,61,2.59
52,Katsuura,JP,2022-05-30 14:56:15,35.1333,140.3,68.97,91,100,7.14
53,Chokurdakh,RU,2022-05-30 14:56:16,70.6333,147.9167,30.43,95,100,10.09
54,Vao,NC,2022-05-30 14:56:16,-22.6667,167.4833,74.34,82,38,8.66
55,Beyneu,KZ,2022-05-30 14:56:16,45.3167,55.2,89.29,14,0,8.41
56,Estelle,US,2022-05-30 14:56:17,29.8458,-90.1067,86.0,62,75,13.8
57,Mar Del Plata,AR,2022-05-30 14:55:48,-38.0023,-57.5575,49.08,59,40,10.36
58,Rikitea,PF,2022-05-30 14:56:17,-23.1203,-134.9692,75.42,76,45,13.24
59,Geraldton,AU,2022-05-30 14:56:18,-28.7667,114.6,55.81,67,100,10.36
60,Poum,NC,2022-05-30 14:56:18,-20.2333,164.0167,76.59,71,49,5.08
61,Muros,ES,2022-05-30 14:56:18,42.7762,-9.0603,67.08,81,100,7.63
62,Tiarei,PF,2022-05-30 14:56:19,-17.5333,-149.3333,73.42,70,85,9.17
63,Tuatapere,NZ,2022-05-30 14:56:19,-46.1333,167.6833,51.93,87,88,6.44
64,Cockburn Town,TC,2022-05-30 14:56:20,21.4612,-71.1419,84.16,65,40,13.8
65,Upernavik,GL,2022-05-30 14:56:20,72.7868,-56.1549,30.43,90,42,11.54
66,Nanortalik,GL,2022-05-30 14:56:20,60.1432,-45.2371,38.7,86,100,4.36
67,Aksu,CN,2022-05-30 14:56:21,41.1231,80.2644,73.96,33,100,24.47
68,Oneonta,US,2022-05-30 14:55:27,42.4529,-75.0638,78.3,77,75,7.0
69,Cape Town,ZA,2022-05-30 14:55:29,-33.9258,18.4232,62.28,61,75,14.97
70,Yakima,US,2022-05-30 14:54:34,46.4665,-120.6678,54.55,55,100,3.0
71,Muana,BR,2022-05-30 14:56:21,-1.5283,-49.2167,84.92,69,51,7.09
72,Aleppo,SY,2022-05-30 14:56:22,36.25,37.5,97.68,10,0,15.97
73,Port Elizabeth,ZA,2022-05-30 14:56:22,-33.918,25.5701,64.69,45,0,9.22
74,Jamestown,US,2022-05-30 14:53:47,42.097,-79.2353,79.02,56,0,10.36
75,Hithadhoo,MV,2022-05-30 14:56:23,-0.6,73.0833,84.07,67,88,11.27
76,Salalah,OM,2022-05-30 14:56:23,17.0151,54.0924,82.85,82,9,7.4
77,Yerbogachen,RU,2022-05-30 14:56:23,61.2767,108.0108,50.13,61,30,2.3
78,Carnarvon,AU,2022-05-30 14:56:24,-24.8667,113.6333,70.27,39,100,20.56
79,Portland,US,2022-05-30 14:53:26,45.5234,-122.6762,52.0,89,99,1.99
80,Calama,CL,2022-05-30 14:55:16,-22.4667,-68.9333,52.29,24,0,0.0
81,New Norfolk,AU,2022-05-30 14:56:25,-42.7826,147.0587,42.71,84,91,1.07
82,Hermanus,ZA,2022-05-30 14:56:25,-34.4187,19.2345,61.81,58,9,22.66
83,Kodiak,US,2022-05-30 14:56:25,57.79,-152.4072,45.91,93,100,0.0
84,Kaitangata,NZ,2022-05-30 14:56:26,-46.2817,169.8464,49.71,81,43,5.32
85,Bethel,US,2022-05-30 14:56:26,41.3712,-73.414,81.41,65,46,1.99
86,Pedasi,PA,2022-05-30 14:56:26,7.5333,-80.0333,77.92,87,100,9.48
87,Kosonsoy,UZ,2022-05-30 14:56:27,41.2561,71.5508,63.16,49,67,10.56
88,Palmer,US,2022-05-30 14:55:08,42.1584,-72.3287,81.64,52,35,1.01
89,Jilin,CN,2022-05-30 14:57:27,43.0,126.0,50.86,58,92,5.41
90,Tasiilaq,GL,2022-05-30 14:57:28,65.6145,-37.6368,38.39,93,93,5.19
91,Jega,NG,2022-05-30 14:57:28,12.2175,4.3792,102.74,25,12,6.91
92,Jumla,NP,2022-05-30 14:57:28,29.2747,82.1838,57.9,77,29,4.27
93,Mumford,GH,2022-05-30 14:57:29,5.2618,-0.759,82.04,75,27,9.22
94,Mednogorsk,RU,2022-05-30 14:57:29,51.4128,57.595,65.48,79,16,10.94
95,Tiksi,RU,2022-05-30 14:57:29,71.6872,128.8694,28.15,91,100,9.55
96,Narva-Joesuu,EE,2022-05-30 14:57:30,59.4589,28.0408,59.04,60,95,5.01
97,Lasa,IT,2022-05-30 14:57:30,46.6166,10.7002,59.36,94,97,2.26
98,Korosladany,HU,2022-05-30 14:57:30,46.9667,21.0833,65.98,65,94,3.89
99,Goderich,CA,2022-05-30 14:57:31,43.7501,-81.7165,73.72,64,61,13.8
100,Baruun-Urt,MN,2022-05-30 14:57:31,46.6806,113.2792,47.93,49,98,9.4
101,Sadasivpet,IN,2022-05-30 14:57:32,17.6212,77.9503,96.22,22,97,5.44
102,Aswan,EG,2022-05-30 14:54:14,24.0934,32.907,108.7,8,0,5.75
103,Moctezuma,MX,2022-05-30 14:57:32,29.8,-109.6667,77.02,32,0,6.67
104,Grindavik,IS,2022-05-30 14:57:32,63.8424,-22.4338,50.47,87,40,10.36
105,Klaksvik,FO,2022-05-30 14:57:33,62.2266,-6.589,47.32,93,100,16.55
106,Ostrovnoy,RU,2022-05-30 14:57:33,68.0531,39.5131,38.64,89,21,10.25
107,Anloga,GH,2022-05-30 14:57:33,5.7947,0.8973,83.03,73,39,11.92
108,Camacha,PT,2022-05-30 14:57:34,33.0833,-16.3333,69.22,68,20,19.57
109,La Ronge,CA,2022-05-30 14:57:17,55.1001,-105.2842,52.05,71,100,14.97
110,Inuvik,CA,2022-05-30 14:57:34,68.3499,-133.7218,32.86,93,100,8.05
111,Ahipara,NZ,2022-05-30 14:57:35,-35.1667,173.1667,60.55,91,6,8.86
112,Faanui,PF,2022-05-30 14:57:35,-16.4833,-151.75,79.93,67,81,10.13
113,Hambantota,LK,2022-05-30 14:57:35,6.1241,81.1185,79.14,100,40,8.05
114,San Patricio,US,2022-05-30 14:57:36,28.017,-97.5169,85.87,60,35,22.12
115,Ellenabad,IN,2022-05-30 14:57:36,29.45,74.65,96.26,5,0,7.96
116,Narsaq,GL,2022-05-30 14:57:36,60.9167,-46.05,42.71,73,100,5.19
117,Cidreira,BR,2022-05-30 14:57:37,-30.1811,-50.2056,57.56,72,91,11.81
118,Mandera,KE,2022-05-30 14:57:37,3.9366,41.867,87.55,42,79,15.39
119,Jati,PK,2022-05-30 14:57:37,24.3539,68.2671,85.91,65,0,19.77
120,Great Yarmouth,GB,2022-05-30 14:57:38,52.6083,1.7305,60.03,67,87,13.94
121,Ransang,PH,2022-05-30 14:57:38,8.9603,117.5828,80.31,82,100,3.22
122,Mataura,NZ,2022-05-30 14:57:38,-46.1927,168.8643,53.47,90,100,4.65
123,Lebu,CL,2022-05-30 14:57:39,-37.6167,-73.65,46.78,63,0,11.25
124,Beckley,US,2022-05-30 14:54:33,37.7782,-81.1882,78.08,70,1,1.99
125,Pingliang,CN,2022-05-30 14:57:39,35.5392,106.6861,64.76,40,100,4.18
126,East London,ZA,2022-05-30 14:57:39,-33.0153,27.9116,65.34,42,0,4.61
127,Saint-Francois,FR,2022-05-30 14:57:40,46.4154,3.9054,73.67,30,0,6.91
128,Baykit,RU,2022-05-30 14:57:40,61.67,96.37,56.26,66,100,1.12
129,El Alto,PE,2022-05-30 14:57:40,-4.2714,-81.2147,69.46,66,14,9.66
130,Sitka,US,2022-05-30 14:52:45,57.0531,-135.33,46.29,93,100,0.0
131,Saveh,IR,2022-05-30 14:57:41,35.0213,50.3566,86.95,11,2,15.57
132,Hede,CN,2022-05-30 14:57:41,33.7681,120.2517,64.56,43,42,7.65
133,Road Town,VG,2022-05-30 14:52:51,18.4167,-64.6167,86.04,70,40,11.5
134,Ketchikan,US,2022-05-30 14:57:42,55.3422,-131.6461,48.67,93,0,0.0
135,Port Blair,IN,2022-05-30 14:57:42,11.6667,92.75,80.64,83,75,3.44
136,Strangnas,SE,2022-05-30 14:58:42,59.3774,17.0312,59.29,57,99,4.88
137,Vakhtan,RU,2022-05-30 14:58:43,57.9659,46.6889,54.32,87,74,7.16
138,Udachnyy,RU,2022-05-30 14:58:43,66.4167,112.4,48.45,45,5,10.51
139,Biak,ID,2022-05-30 14:58:43,-0.9131,122.8766,77.65,84,86,1.74
140,Kankan,GN,2022-05-30 14:58:44,10.3854,-9.3057,96.39,33,45,4.18
141,Saint-Philippe,RE,2022-05-30 14:58:44,-21.3585,55.7679,72.99,70,21,11.68
142,Saldanha,ZA,2022-05-30 14:58:45,-33.0117,17.9442,62.65,56,0,7.99
143,Luebo,CD,2022-05-30 14:58:45,-5.35,21.4167,90.52,40,32,1.54
144,North Branch,US,2022-05-30 14:56:01,45.5113,-92.9802,68.13,96,100,14.25
145,Roma,US,2022-05-30 14:58:45,43.2128,-75.4557,78.73,67,82,4.9
146,Hobyo,SO,2022-05-30 14:58:46,5.3505,48.5268,80.22,77,30,27.34
147,Constitucion,CL,2022-05-30 14:58:46,-35.3333,-72.4167,47.98,49,0,2.48
148,Caramay,PH,2022-05-30 14:58:47,10.1815,119.236,77.68,87,100,1.3
149,Adrar,MR,2022-05-30 14:58:47,20.5022,-10.0711,103.03,11,7,6.71
150,Porvoo,FI,2022-05-30 14:58:47,60.3923,25.6651,69.06,51,25,5.32
151,Berlevag,NO,2022-05-30 14:58:48,70.8578,29.0864,49.8,71,4,16.11
152,Mporokoso,ZM,2022-05-30 14:58:48,-9.3727,30.125,70.92,50,99,2.08
153,Vanimo,PG,2022-05-30 14:58:48,-2.6741,141.3028,78.21,88,93,4.14
154,Qiryat Shemona,IL,2022-05-30 14:58:49,33.2073,35.5721,94.84,26,0,10.74
155,Hualmay,PE,2022-05-30 14:58:49,-11.0964,-77.6139,65.98,72,98,7.76
156,Bathsheba,BB,2022-05-30 14:58:49,13.2167,-59.5167,84.81,70,75,18.41
157,Havoysund,NO,2022-05-30 14:58:50,70.9963,24.6622,46.63,56,4,11.99
158,Half Moon Bay,US,2022-05-30 14:58:50,37.4636,-122.4286,58.86,74,0,9.22
159,Iberia,US,2022-05-30 14:58:50,29.9502,-91.7507,84.96,58,0,13.71
160,Olinda,BR,2022-05-30 14:58:51,-8.0089,-34.8553,78.53,89,75,3.44
161,Bezenchuk,RU,2022-05-30 14:58:51,52.982,49.4333,65.68,63,27,4.85
162,Malanje,AO,2022-05-30 14:58:51,-9.5402,16.341,82.67,31,5,5.93
163,Carutapera,BR,2022-05-30 14:58:52,-1.195,-46.02,86.5,62,25,6.46
164,Sao Jose Da Coroa Grande,BR,2022-05-30 14:58:52,-8.8978,-35.1478,80.44,80,27,8.12
165,Kodama,JP,2022-05-30 14:58:52,36.1833,139.1333,64.92,73,100,7.34
166,San Quintin,MX,2022-05-30 14:58:53,30.4833,-115.95,61.16,78,74,8.68
167,Sistranda,NO,2022-05-30 14:58:53,63.7256,8.834,67.96,64,39,11.14
168,Gat,IL,2022-05-30 14:58:53,31.61,34.7642,90.39,41,0,13.42
169,Tuktoyaktuk,CA,2022-05-30 14:58:54,69.4541,-133.0374,30.2,93,100,4.61
170,Severo-Kurilsk,RU,2022-05-30 14:58:54,50.6789,156.125,40.42,93,43,5.44
171,Krasnyy Yar,RU,2022-05-30 14:58:54,46.5331,48.3456,84.13,22,0,12.15
172,Bengkulu,ID,2022-05-30 14:58:55,-3.8004,102.2655,77.4,88,75,5.26
173,Shelburne,CA,2022-05-30 14:57:14,44.0787,-80.2041,77.9,58,57,14.61
174,Palauig,PH,2022-05-30 14:58:55,15.435,119.9045,82.72,77,94,8.84
175,Seoul,KR,2022-05-30 14:58:55,37.5683,126.9778,64.0,70,0,4.61
176,Ulaanbaatar,MN,2022-05-30 14:54:44,47.9077,106.8832,55.53,35,75,8.95
177,Tadine,NC,2022-05-30 14:58:56,-21.55,167.8833,74.73,88,14,7.61
178,Fort Nelson,CA,2022-05-30 14:57:12,58.8053,-122.7002,49.59,81,20,2.3
179,Amga,RU,2022-05-30 14:58:56,60.8953,131.9608,47.82,90,100,5.7
180,Deputatskiy,RU,2022-05-30 14:58:57,69.3,139.9,33.04,92,100,3.44
181,Chimbote,PE,2022-05-30 14:58:57,-9.0853,-78.5783,65.52,76,97,7.27
182,Ponerihouen,NC,2022-05-30 14:58:57,-21.0833,165.4,72.46,83,15,1.79
183,Zhigansk,RU,2022-05-30 14:58:58,66.7697,123.3711,38.23,79,100,13.96
184,Lancut,PL,2022-05-30 14:59:58,50.0687,22.2291,65.86,43,0,17.27
185,Xining,CN,2022-05-30 14:59:59,36.6167,101.7667,55.62,50,77,2.17
186,Jurm,AF,2022-05-30 14:59:59,36.8648,70.8342,63.28,46,26,5.23
187,Dingle,PH,2022-05-30 14:59:59,10.9995,122.6711,77.0,83,100,2.24
188,Pingdingshan,CN,2022-05-30 15:00:00,33.7385,113.3012,76.21,18,23,3.13
189,Araouane,ML,2022-05-30 15:00:00,18.9048,-3.5265,110.8,10,68,10.89
190,Ballina,AU,2022-05-30 15:00:01,-28.8667,153.5667,59.02,60,36,22.26
191,Raga,SS,2022-05-30 15:00:02,8.4596,25.678,97.23,22,80,7.54
192,Klyuchi,RU,2022-05-30 15:00:04,52.2667,79.1667,70.93,37,99,7.74
193,Pelym,RU,2022-05-30 15:00:12,61.0108,61.9978,45.95,97,100,8.41
194,Bambous Virieux,MU,2022-05-30 15:00:14,-20.3428,57.7575,71.22,65,42,16.89
195,Oriximina,BR,2022-05-30 15:00:15,-1.7656,-55.8661,82.81,78,70,1.57
196,Lebedyn,UA,2022-05-30 15:00:16,50.5852,34.4849,64.36,86,100,8.72
197,Perur,IN,2022-05-30 15:00:18,10.9667,76.9,82.09,69,40,12.66
198,Dryden,CA,2022-05-30 14:57:15,49.7833,-92.7503,61.09,94,100,4.61
199,Kavieng,PG,2022-05-30 15:00:23,-2.5744,150.7967,81.79,72,65,15.01
200,Saucillo,MX,2022-05-30 15:00:24,28.0167,-105.2833,80.1,20,3,11.72
201,Libertador General San Martin,AR,2022-05-30 15:00:25,-23.8064,-64.7876,56.97,68,96,4.32
202,Castro,BR,2022-05-30 15:00:11,-24.7911,-50.0119,67.23,81,100,8.28
203,Rumford,US,2022-05-30 15:00:19,44.5537,-70.5509,79.68,42,72,9.37
204,Barrow,US,2022-05-30 15:00:25,71.2906,-156.7887,28.42,86,100,12.66
205,Mogadishu,SO,2022-05-30 15:00:26,2.0371,45.3438,80.55,77,42,17.43
206,Namwala,ZM,2022-05-30 15:00:26,-15.7504,26.4384,75.52,26,0,4.72
207,Gazanjyk,TM,2022-05-30 15:00:27,39.2446,55.5154,89.11,11,0,17.18
208,Beira,MZ,2022-05-30 15:00:27,-19.8436,34.8389,71.96,75,0,8.28
209,Arman,RU,2022-05-30 15:00:28,59.7,150.1667,39.78,75,100,3.18
210,Sabha,LY,2022-05-30 15:00:28,27.0377,14.4283,100.38,10,61,5.73
211,Avarua,CK,2022-05-30 15:00:29,-21.2078,-159.775,75.25,73,100,13.8
212,Quatre Cocos,MU,2022-05-30 15:00:29,-20.2078,57.7625,71.1,66,22,16.75
213,Samarai,PG,2022-05-30 15:00:30,-10.6167,150.6667,78.89,75,45,5.48
214,Nador,MA,2022-05-30 15:00:30,35.174,-2.9287,75.45,50,0,13.8
215,Loreto,MX,2022-05-30 15:00:30,22.2667,-101.9667,69.75,38,8,0.81
216,Havre-Saint-Pierre,CA,2022-05-30 15:00:31,50.2334,-63.5986,43.14,83,100,6.33
217,Biel,CH,2022-05-30 15:00:31,47.1324,7.2441,72.73,38,20,3.44
218,Cayenne,GF,2022-05-30 15:00:32,4.9333,-52.3333,78.84,1,75,4.61
219,Makakilo City,US,2022-05-30 15:00:32,21.3469,-158.0858,72.68,88,1,9.53
220,Thompson,CA,2022-05-30 15:00:33,55.7435,-97.8558,44.76,100,100,8.05
221,Pevek,RU,2022-05-30 15:00:33,69.7008,170.3133,29.34,81,99,4.34
222,Banda Aceh,ID,2022-05-30 15:00:33,5.5577,95.3222,81.39,77,100,11.74
223,Victoria,HK,2022-05-30 14:56:56,22.2855,114.1577,85.32,80,100,10.0
224,Ellon,GB,2022-05-30 15:00:34,57.3641,-2.0731,51.22,64,75,6.91
225,Praia Da Vitoria,PT,2022-05-30 14:59:20,38.7333,-27.0667,61.75,94,75,32.03
226,Egvekinot,RU,2022-05-30 15:00:34,66.3167,-179.1667,30.88,89,75,2.53
227,Perevolotskiy,RU,2022-05-30 15:00:35,51.8763,54.1938,58.78,80,90,9.01
228,Progreso,MX,2022-05-30 15:00:35,21.2833,-89.6667,84.31,60,100,10.42
229,Kautokeino,NO,2022-05-30 15:00:36,69.0125,23.0412,59.97,37,4,17.07
230,Kramat,ID,2022-05-30 15:01:36,-8.1311,113.4499,75.11,88,27,3.47
231,Hilo,US,2022-05-30 15:00:30,19.7297,-155.09,75.27,89,98,5.99
232,Chuncheng,CN,2022-05-30 15:01:37,22.1731,111.7886,78.12,94,100,2.64
233,Nacala,MZ,2022-05-30 15:01:37,-14.5428,40.6728,75.04,73,22,10.02
234,Puerto Colombia,CO,2022-05-30 15:01:38,10.9878,-74.9547,86.68,68,24,2.08
235,Padang,ID,2022-05-30 15:01:38,-0.9492,100.3543,78.78,87,62,3.94
236,Cherskiy,RU,2022-05-30 15:01:38,68.75,161.3,42.33,55,100,8.01
237,Khuzdar,PK,2022-05-30 15:01:39,27.7384,66.6434,86.04,12,0,15.19
238,Shahr-E Kord,IR,2022-05-30 15:01:39,32.3256,50.8644,73.96,12,72,11.25
239,Bosaso,SO,2022-05-30 15:01:39,11.2842,49.1816,89.85,47,100,1.07
240,Den Helder,NL,2022-05-30 14:58:31,52.9599,4.7593,60.03,61,100,8.05
241,Dwarka,IN,2022-05-30 15:01:40,22.2394,68.9678,81.75,85,4,18.5
242,Marzuq,YE,2022-05-30 15:01:40,14.4,46.4667,88.65,24,83,6.31
243,Komsomolskiy,UZ,2022-05-30 15:01:41,40.4272,71.7189,72.32,35,36,6.91
244,Cap Malheureux,MU,2022-05-30 15:01:41,-19.9842,57.6142,71.47,73,2,4.0
245,Pemangkat,ID,2022-05-30 15:01:41,1.1667,108.9667,82.56,70,29,4.21
246,Petropavlovsk-Kamchatskiy,RU,2022-05-30 15:01:42,53.0452,158.6483,40.53,93,100,0.94
247,Coracora,PE,2022-05-30 15:01:42,-15.0333,-73.7833,58.35,24,17,4.27
248,Elat,IL,2022-05-30 15:01:42,29.5581,34.9482,100.65,14,0,19.89
249,Genhe,CN,2022-05-30 15:01:43,50.7833,121.5167,42.24,85,100,0.54
250,Maceio,BR,2022-05-30 15:01:43,-9.6658,-35.7353,79.7,83,31,9.91
251,Bowen,AU,2022-05-30 15:01:44,-20.0167,148.2333,70.36,88,100,7.14
252,Calvia,ES,2022-05-30 15:01:44,39.5657,2.5062,83.08,69,30,9.62
253,Sompeta,IN,2022-05-30 15:01:44,18.9333,84.6,90.41,55,85,10.96
254,Lorengau,PG,2022-05-30 15:01:45,-2.0226,147.2712,79.34,82,93,6.29
255,Mercedes,AR,2022-05-30 15:01:45,-34.6515,-59.4307,49.78,37,0,15.97
256,Concordia,AR,2022-05-30 15:00:01,-31.393,-58.0209,49.78,54,70,11.01
257,Hauterive,FR,2022-05-30 15:01:45,46.0901,3.4459,72.36,27,37,4.68
258,Borgarnes,IS,2022-05-30 15:01:46,64.5383,-21.9206,59.36,49,16,8.72
259,Savelugu,GH,2022-05-30 15:01:46,9.6244,-0.8253,96.76,38,8,7.43
260,Ponta Do Sol,PT,2022-05-30 15:01:46,32.6667,-17.1,73.71,75,12,13.33
261,Port Alfred,ZA,2022-05-30 15:01:47,-33.5906,26.891,63.18,56,35,0.54
262,Vrangel,RU,2022-05-30 15:01:47,42.7297,133.0839,51.13,82,100,20.54
263,Amberley,US,2022-05-30 15:01:47,39.2048,-84.428,82.94,62,0,10.36
264,Pangnirtung,CA,2022-05-30 15:01:48,66.1451,-65.7125,35.37,88,5,1.59
265,Meulaboh,ID,2022-05-30 15:01:48,4.1363,96.1285,78.89,84,86,5.88
266,Bindi,SL,2022-05-30 15:01:48,9.9167,-11.45,92.34,44,90,2.33
267,Flinders,AU,2022-05-30 15:01:49,-34.5833,150.8552,54.25,70,75,5.99
268,Dhidhdhoo,MV,2022-05-30 15:01:49,6.8833,73.1,78.3,85,100,19.33
269,Tekirdag,TR,2022-05-30 15:01:49,40.978,27.5085,83.55,61,46,8.08
270,Utica,US,2022-05-30 14:58:05,43.1009,-75.2327,78.69,65,67,7.07
271,Bluefield,US,2022-05-30 14:56:57,37.2698,-81.2223,78.51,66,68,4.0
272,Qasigiannguit,GL,2022-05-30 15:01:50,68.8193,-51.1922,39.45,83,84,2.19
273,Chimore,BO,2022-05-30 15:01:50,-16.9833,-65.1333,64.36,97,100,3.11
274,Puerto Escondido,MX,2022-05-30 15:01:51,15.85,-97.0667,74.53,87,100,14.88
275,Aklavik,CA,2022-05-30 15:01:51,68.2191,-135.0107,32.0,93,100,5.75
276,Ancud,CL,2022-05-30 15:02:51,-41.8697,-73.8203,43.95,78,7,3.18
277,Kruisfontein,ZA,2022-05-30 15:02:52,-34.0033,24.7314,60.89,51,88,4.54
278,Qaqortoq,GL,2022-05-30 15:02:52,60.7167,-46.0333,40.35,80,100,3.42
279,Barabai,ID,2022-05-30 15:02:52,-2.5833,115.3833,78.26,82,92,1.88
280,Hofn,IS,2022-05-30 15:02:53,64.2539,-15.2082,45.03,82,14,9.69
281,Juneau,US,2022-05-30 15:00:35,58.3019,-134.4197,56.1,100,12,3.24
282,Coihaique,CL,2022-05-30 15:02:54,-45.5752,-72.0662,36.12,78,12,0.87
283,Taltal,CL,2022-05-30 15:01:09,-25.4,-70.4833,63.73,64,1,6.51
284,Lesosibirsk,RU,2022-05-30 15:02:54,58.2358,92.4828,53.58,85,98,10.87
285,Kieta,PG,2022-05-30 15:02:54,-6.2167,155.6333,78.26,85,28,3.56
286,Torbay,CA,2022-05-30 15:02:55,47.6666,-52.7314,65.88,65,100,5.01
287,Rantauprapat,ID,2022-05-30 15:02:55,2.1,99.8333,75.34,95,38,2.98
288,Bilma,NE,2022-05-30 15:02:55,18.6853,12.9164,106.68,5,0,5.79
289,Marawi,PH,2022-05-30 15:02:56,7.9986,124.2928,64.92,88,98,2.44
290,Ocean City,US,2022-05-30 15:02:56,39.2776,-74.5746,85.01,72,95,5.01
291,Grand Gaube,MU,2022-05-30 15:02:56,-20.0064,57.6608,71.38,73,3,4.0
292,Sur,OM,2022-05-30 15:02:57,22.5667,59.5289,93.25,42,0,15.52
293,Koutsouras,GR,2022-05-30 15:02:57,35.0339,25.9469,76.1,71,7,6.11
294,Waipawa,NZ,2022-05-30 15:02:57,-41.4122,175.5153,54.43,89,100,6.91
295,Kidal,ML,2022-05-30 15:02:58,18.4411,1.4078,108.34,12,26,7.87
296,Luderitz,NA,2022-05-30 15:02:58,-26.6481,15.1594,63.73,60,0,21.97
297,Beloha,MG,2022-05-30 15:02:58,-25.1667,45.05,69.44,71,0,8.57
298,Tucuman,AR,2022-05-30 15:02:59,-26.8241,-65.2226,46.4,71,100,6.91
299,Rochegda,RU,2022-05-30 15:02:59,62.8,43.25,64.13,72,96,2.86
300,Sohag,EG,2022-05-30 15:02:59,26.557,31.6948,105.04,4,0,16.89
301,North Bend,US,2022-05-30 15:03:00,43.4065,-124.2243,49.91,96,100,3.44
302,Gemena,CD,2022-05-30 15:03:00,3.25,19.7667,84.85,58,100,2.15
303,Horasan,TR,2022-05-30 15:03:00,40.0458,42.1728,72.7,42,6,0.36
304,Yaan,NG,2022-05-30 15:03:01,7.3833,8.5667,93.24,41,36,3.89
305,Sola,VU,2022-05-30 15:03:01,-13.8833,167.55,81.59,76,14,12.35
306,El Rosario,MX,2022-05-30 15:03:01,24.2556,-107.1828,80.82,65,2,5.14
307,Elizabeth City,US,2022-05-30 14:59:59,36.2946,-76.2511,84.06,71,0,3.33
308,Nizhniy Tsasuchey,RU,2022-05-30 15:03:02,50.5167,115.1333,44.96,74,77,2.04
309,Segovia,ES,2022-05-30 15:03:02,41.1667,-4.0,71.44,38,100,10.27
310,Espanola,US,2022-05-30 15:03:03,35.9911,-106.0806,65.28,14,0,3.0
311,Mundo Nuevo,MX,2022-05-30 15:03:03,18.7,-95.5,83.08,63,100,9.44
312,Umm Lajj,SA,2022-05-30 15:03:04,25.0213,37.2685,85.82,54,0,8.5
313,Clyde River,CA,2022-05-30 15:03:04,70.4692,-68.5914,25.92,63,1,3.74
314,Port Hedland,AU,2022-05-30 15:03:04,-20.3167,118.5667,59.05,94,100,14.97
315,Taunggyi,MM,2022-05-30 15:03:05,20.7833,97.0333,65.66,80,7,3.29
316,Opuwo,NA,2022-05-30 15:01:50,-18.0607,13.84,81.18,17,0,7.45
317,Aden,YE,2022-05-30 15:00:24,12.7794,45.0367,88.2,64,86,4.76
318,Ranong,TH,2022-05-30 15:03:06,9.9658,98.6348,77.83,89,100,5.91
319,Husavik,IS,2022-05-30 15:03:06,66.0449,-17.3389,55.11,45,1,7.81
320,San Joaquin,US,2022-05-30 15:03:06,37.9333,-121.3011,66.33,46,0,12.66
321,Mayumba,GA,2022-05-30 15:03:07,-3.432,10.6554,76.78,82,36,11.61
322,Suffolk,US,2022-05-30 15:00:30,40.8668,-72.7996,78.17,83,0,9.22
323,Kemise,ET,2022-05-30 15:04:07,10.7167,39.8667,85.3,19,96,12.08
324,Karaton,ID,2022-05-30 15:04:08,-6.3424,106.1045,73.9,93,41,1.81
325,Mazatlan,MX,2022-05-30 15:03:50,23.2167,-106.4167,83.01,83,20,6.91
326,Tebingtinggi,ID,2022-05-30 15:04:08,3.3285,99.1625,75.56,94,92,1.28
327,Kisangani,CD,2022-05-30 15:04:09,0.5167,25.2,82.89,62,80,4.18
328,Poso,ID,2022-05-30 15:04:09,-1.3959,120.7524,78.66,76,57,3.6
329,Brae,GB,2022-05-30 15:04:09,60.3964,-1.353,52.09,71,74,9.69
330,Saint George,US,2022-05-30 15:00:07,37.1041,-113.5841,64.44,27,14,3.0
331,Vostok,RU,2022-05-30 15:04:10,46.4856,135.8833,49.32,78,100,3.42
332,Elko,US,2022-05-30 15:04:10,41.0002,-115.5012,42.06,64,96,10.0
333,Mount Gambier,AU,2022-05-30 15:04:10,-37.8333,140.7667,47.68,71,87,15.97
334,Tocopilla,CL,2022-05-30 15:04:11,-22.092,-70.1979,66.02,63,88,6.4
335,Vanavara,RU,2022-05-30 15:04:11,60.34,102.2797,55.96,58,100,8.37
336,Kaeo,NZ,2022-05-30 15:02:53,-35.1,173.7833,55.33,95,17,6.89
337,San Jose,US,2022-05-30 15:03:19,37.3394,-121.895,59.92,67,20,8.05
338,Broome,US,2022-05-30 15:04:12,42.2506,-75.833,75.09,75,0,8.05
339,Broken Hill,AU,2022-05-30 15:04:12,-31.95,141.4333,48.7,85,1,18.97
340,Nouakchott,MR,2022-05-30 15:04:13,18.0858,-15.9785,87.73,56,3,19.95
341,Mongomo,GQ,2022-05-30 15:04:13,1.6274,11.3135,77.85,84,60,2.98
342,Sao Joao Da Barra,BR,2022-05-30 15:03:42,-21.6403,-41.0511,84.29,57,9,7.07
343,Yulara,AU,2022-05-30 15:04:14,-25.2406,130.9889,51.91,44,99,6.6
344,Sumbe,AO,2022-05-30 15:04:14,-11.2061,13.8437,76.21,75,29,8.12
345,Ganzhou,CN,2022-05-30 15:04:15,28.8184,115.4327,73.11,94,100,1.9
346,Olavarria,AR,2022-05-30 15:00:23,-36.8927,-60.3225,43.02,70,9,15.01
347,Bubaque,GW,2022-05-30 15:04:15,11.2833,-15.8333,80.73,77,96,8.46
348,Orlovo,RU,2022-05-30 15:04:16,51.754,39.5873,71.89,65,28,9.08
349,Coquimbo,CL,2022-05-30 15:03:24,-29.9533,-71.3436,53.33,82,0,2.3
350,Ambovombe,MG,2022-05-30 15:04:16,-25.1667,46.0833,69.33,70,0,9.82
351,Ramnagar,IN,2022-05-30 15:04:17,29.4,79.1167,89.13,19,0,5.59
352,Acarau,BR,2022-05-30 15:03:16,-2.8856,-40.12,85.46,66,77,10.65
353,Fairbanks,US,2022-05-30 14:59:48,64.8378,-147.7164,58.23,65,2,1.68
354,Cabo San Lucas,MX,2022-05-30 15:02:23,22.8909,-109.9124,80.91,73,0,3.44
355,Marsh Harbour,BS,2022-05-30 15:04:17,26.5412,-77.0636,77.81,72,100,6.15
356,Lavrentiya,RU,2022-05-30 15:04:18,65.5833,-171.0,35.47,96,100,3.33
357,Kayerkan,RU,2022-05-30 15:04:18,69.3497,87.7602,41.7,72,17,12.59
358,Ampanihy,MG,2022-05-30 15:04:19,-24.7,44.75,70.29,64,0,9.82
359,Longyearbyen,SJ,2022-05-30 15:04:19,78.2186,15.6401,44.44,76,40,23.02
360,Bintulu,MY,2022-05-30 15:04:19,3.1667,113.0333,80.8,83,100,4.12
361,Beipiao,CN,2022-05-30 15:04:20,41.7919,120.7792,58.37,31,32,2.37
362,Bay Roberts,CA,2022-05-30 15:04:21,47.5999,-53.2648,66.65,60,100,8.21
363,Kahului,US,2022-05-30 15:04:21,20.8947,-156.47,76.96,77,0,8.99
364,Oranjemund,NA,2022-05-30 15:04:22,-28.55,16.4333,58.57,67,0,19.19
365,Lahij,YE,2022-05-30 15:04:22,13.1667,44.5833,92.61,31,77,8.86
366,Te Anau,NZ,2022-05-30 15:04:22,-45.4167,167.7167,53.17,91,100,5.44
367,Shimoni,KE,2022-05-30 15:05:23,-4.6476,39.3817,80.11,71,79,14.2
368,Sao Filipe,CV,2022-05-30 15:05:23,14.8961,-24.4956,76.64,78,2,12.48
369,Kalmunai,LK,2022-05-30 15:05:24,7.4167,81.8167,80.98,77,96,10.83
370,Hornepayne,CA,2022-05-30 15:05:24,49.2138,-84.7705,61.84,96,100,8.37
371,Bantry,IE,2022-05-30 15:05:24,51.6833,-9.45,56.79,55,69,10.29
372,Pahrump,US,2022-05-30 15:02:59,36.2083,-115.9839,68.25,20,0,7.0
373,Carupano,VE,2022-05-30 15:05:25,10.6678,-63.2585,84.49,62,26,13.78
374,Shimoda,JP,2022-05-30 15:05:25,34.6667,138.95,67.42,90,100,12.03
375,Kubrat,BG,2022-05-30 15:05:25,43.8,26.5,72.23,61,62,6.53
376,Los Llanos De Aridane,ES,2022-05-30 15:01:31,28.6585,-17.9182,69.55,98,75,14.97
377,Laguna,US,2022-05-30 15:05:26,38.421,-121.4238,65.32,44,0,13.8
378,Temanggung,ID,2022-05-30 15:05:26,-7.3162,110.1755,73.8,94,9,1.86
379,Cardston,CA,2022-05-30 15:05:27,49.2,-113.3019,43.86,88,100,16.87
380,Premia De Mar,ES,2022-05-30 15:05:27,41.4921,2.3652,84.61,62,6,10.0
381,Mandeville,JM,2022-05-30 15:05:27,18.0417,-77.5071,84.06,43,94,13.13
382,Waingapu,ID,2022-05-30 15:05:28,-9.6567,120.2641,77.92,83,71,3.71
383,Pinega,RU,2022-05-30 15:05:29,64.7001,43.3936,65.55,55,58,6.13
384,That Phanom,TH,2022-05-30 15:05:29,16.9364,104.7104,80.51,83,100,6.46
385,Walvis Bay,NA,2022-05-30 15:05:30,-22.9575,14.5053,62.1,43,0,23.49
386,General Bravo,MX,2022-05-30 15:05:30,25.8,-99.1667,84.88,56,0,19.01
387,Soyo,AO,2022-05-30 15:04:18,-6.1349,12.3689,78.04,76,32,11.39
388,Touros,BR,2022-05-30 15:03:05,-5.1989,-35.4608,82.89,75,21,12.3
389,Turinsk,RU,2022-05-30 15:05:30,58.0458,63.696,53.33,81,48,6.06
390,Dikson,RU,2022-05-30 15:05:31,73.5069,80.5464,30.06,93,95,4.97
391,Vardo,NO,2022-05-30 15:03:11,70.3705,31.1107,46.38,66,0,5.75
392,Odweyne,SO,2022-05-30 15:05:31,9.4092,45.064,89.69,22,80,12.01
393,Mizdah,LY,2022-05-30 15:05:32,31.4451,12.9801,97.9,12,95,4.83
394,Maumere,ID,2022-05-30 15:05:32,-8.6199,122.2111,80.49,78,100,2.86
395,Morlaix,FR,2022-05-30 15:05:32,48.5833,-4.0,64.45,62,75,9.22
396,Asfi,MA,2022-05-30 15:05:33,32.2994,-9.2372,68.45,70,16,10.94
397,Kloulklubed,PW,2022-05-30 15:05:33,7.0419,134.2556,73.9,76,96,9.8
398,Hamilton,US,2022-05-30 15:05:28,39.1834,-84.5333,83.73,62,0,16.11
399,Ankazobe,MG,2022-05-30 15:05:33,-18.3167,47.1167,58.78,58,0,5.59
400,Codrington,AU,2022-05-30 15:05:34,-38.2667,141.9667,50.36,73,100,24.49
401,Lubu,CN,2022-05-30 15:05:34,23.1742,112.2809,78.87,92,100,1.77
402,Valentin Gomez Farias,MX,2022-05-30 15:05:34,28.2167,-106.5833,71.73,24,0,8.63
403,Caravelas,BR,2022-05-30 15:05:35,-17.7125,-39.2481,85.14,58,9,4.52
404,Karlskoga,SE,2022-05-30 15:05:35,59.3267,14.5239,59.4,47,55,11.88
405,Eureka,US,2022-05-30 15:05:35,40.8021,-124.1637,53.74,85,25,5.01
406,Ilebo,CD,2022-05-30 15:05:36,-4.3167,20.5833,91.96,38,22,2.68
407,Bud,US,2022-05-30 15:05:36,39.447,-86.1758,81.41,61,2,12.37
408,Doha,QA,2022-05-30 15:05:36,25.2867,51.5333,104.31,4,0,10.36
409,Nadym,RU,2022-05-30 15:05:37,65.5333,72.5167,47.39,53,36,17.85
410,Plainview,US,2022-05-30 15:05:37,40.7765,-73.4673,84.47,62,0,8.05
411,Goya,AR,2022-05-30 15:06:37,-29.14,-59.2626,54.34,38,0,9.4
412,Olafsvik,IS,2022-05-30 15:06:38,64.8945,-23.7142,51.6,67,84,8.77
413,Vila Velha,BR,2022-05-30 15:06:38,-20.3297,-40.2925,84.15,76,20,10.36
414,Aloleng,PH,2022-05-30 15:06:38,16.1307,119.7824,83.25,78,47,11.59
415,Winnemucca,US,2022-05-30 15:04:13,40.973,-117.7357,42.85,52,0,3.44
416,Okhotsk,RU,2022-05-30 15:06:39,59.3833,143.3,38.53,87,100,3.71
417,Lata,PT,2022-05-30 15:06:39,40.1629,-8.3327,73.08,45,100,8.14
418,Gizo,SB,2022-05-30 15:06:40,-8.103,156.8419,81.84,77,16,6.42
419,Homer,US,2022-05-30 15:06:40,59.6425,-151.5483,46.29,87,0,0.0
420,Duluth,US,2022-05-30 15:04:06,46.7833,-92.1066,61.09,97,20,11.5
421,Kushmurun,KZ,2022-05-30 15:06:40,52.4503,64.6311,70.79,61,94,8.21
422,Horta,PT,2022-05-30 15:04:07,38.5333,-28.6333,60.44,88,75,31.07
423,San Cristobal,VE,2022-05-30 15:06:41,7.7669,-72.225,82.58,48,94,8.84
424,Moranbah,AU,2022-05-30 15:06:41,-22.0016,148.0466,63.61,60,93,11.92
425,Kirakira,SB,2022-05-30 15:06:42,-10.4544,161.9205,80.01,84,28,5.88
426,Puerto Maldonado,PE,2022-05-30 15:06:42,-12.6,-69.1833,86.4,66,20,4.61
427,Khor,RU,2022-05-30 15:06:42,47.8861,134.9464,58.41,67,100,8.63
428,Saint-Leu,RE,2022-05-30 15:02:58,-21.15,55.2833,72.46,62,13,7.25
429,Arcachon,FR,2022-05-30 15:06:43,44.5875,-1.0519,79.41,35,0,10.36
430,Mangrol,IN,2022-05-30 15:06:43,21.1167,70.1167,82.18,82,2,12.91
431,Green Valley,US,2022-05-30 15:06:43,31.8543,-110.9937,77.45,19,0,1.01
432,Leh,IN,2022-05-30 15:06:44,34.1667,77.5833,55.24,35,99,8.81
433,Umarkot,PK,2022-05-30 15:06:44,25.3616,69.7362,96.89,32,7,24.14
434,Kokoda,PG,2022-05-30 15:06:44,-8.8785,147.7407,74.01,95,65,0.43
435,Klaeng,TH,2022-05-30 15:06:45,12.7797,101.6483,87.94,98,100,5.64
436,Honiara,SB,2022-05-30 15:06:45,-9.4333,159.95,77.14,86,5,4.25
437,Cabedelo,BR,2022-05-30 15:06:45,-6.9811,-34.8339,84.87,81,32,11.81
438,Mahebourg,MU,2022-05-30 15:06:46,-20.4081,57.7,71.26,94,75,6.91
439,Evensk,RU,2022-05-30 15:06:46,61.95,159.2333,39.63,86,100,3.02
440,Laela,TZ,2022-05-30 15:06:46,-8.5667,32.05,68.67,53,93,3.13
441,Predivinsk,RU,2022-05-30 15:06:47,57.0669,93.4378,52.29,87,76,7.67
442,Chumikan,RU,2022-05-30 15:06:47,54.7183,135.315,33.12,98,100,5.21
443,Tongliao,CN,2022-05-30 15:06:47,43.6125,122.2653,57.51,34,83,4.29
444,Turka,UA,2022-05-30 15:06:48,49.1541,23.0297,60.93,53,77,9.31
445,Harper,LR,2022-05-30 15:06:48,4.375,-7.7169,82.76,72,100,7.76
446,Awbari,LY,2022-05-30 15:06:48,26.5921,12.7805,103.17,9,57,7.67
447,Provideniya,RU,2022-05-30 15:06:49,64.3833,-173.3,37.81,89,80,1.41
448,Pisco,PE,2022-05-30 15:06:49,-13.7,-76.2167,66.25,68,0,6.91
449,Jawhar,SO,2022-05-30 15:06:49,2.7809,45.5005,81.86,58,60,17.49
450,Tirschenreuth,DE,2022-05-30 15:06:50,49.8825,12.3331,64.6,56,74,3.0
451,Aykhal,RU,2022-05-30 15:06:50,66.0,111.5,44.67,50,84,9.93
452,Lagoa,PT,2022-05-30 15:03:09,39.05,-27.9833,60.55,82,88,40.49
453,Coria,ES,2022-05-30 15:06:51,39.9879,-6.5377,72.45,33,100,8.77
454,Cervo,ES,2022-05-30 15:06:51,43.6702,-7.4101,62.01,81,100,4.05
455,Ilulissat,GL,2022-05-30 15:06:51,69.2167,-51.1,39.22,75,40,5.75
456,Srednekolymsk,RU,2022-05-30 15:06:51,67.45,153.6833,51.94,67,100,8.77
457,Det Udom,TH,2022-05-30 15:06:52,14.906,105.0784,79.68,82,99,7.43
458,Abu Dhabi,AE,2022-05-30 15:06:24,24.4667,54.3667,89.62,53,0,11.5
459,Maragogi,BR,2022-05-30 15:03:04,-9.0122,-35.2225,80.8,79,30,8.37
460,Hami,CN,2022-05-30 15:07:53,42.8,93.45,86.16,15,0,14.36
461,Glotovka,RU,2022-05-30 15:07:53,53.9491,46.7042,61.84,59,9,4.5
462,Luwuk,ID,2022-05-30 15:07:53,-0.9516,122.7875,78.75,87,92,1.07
463,Mayo,US,2022-05-30 15:07:53,38.8876,-76.5119,86.29,67,91,4.0
464,Ambulu,ID,2022-05-30 15:07:54,-8.345,113.6058,76.62,86,37,3.13
465,Cabatuan,PH,2022-05-30 15:07:54,10.8794,122.486,77.25,82,100,2.42
466,Khasan,RU,2022-05-30 15:07:54,42.4308,130.6434,49.93,98,100,8.59
467,Seddon,AU,2022-05-30 15:07:55,-37.8068,144.8916,51.53,91,0,10.36
468,Tura,IN,2022-05-30 15:06:03,25.5198,90.2201,74.21,91,1,4.12
469,Camacari,BR,2022-05-30 15:07:55,-12.6975,-38.3242,78.57,74,69,4.85
470,Beringovskiy,RU,2022-05-30 15:07:56,63.05,179.3167,35.56,86,64,7.14
471,Accra,GH,2022-05-30 15:07:56,5.556,-0.1969,83.17,71,81,10.76
472,Jinchang,CN,2022-05-30 15:07:56,38.4953,102.1739,71.47,14,51,6.22
473,Knysna,ZA,2022-05-30 15:07:57,-34.0363,23.0471,59.34,50,95,4.83
474,Ayan,RU,2022-05-30 15:07:57,56.45,138.1667,34.72,96,100,15.86
475,Kanniyakumari,IN,2022-05-30 15:07:57,8.0833,77.5667,80.71,83,91,18.81
476,Raseiniai,LT,2022-05-30 15:07:58,55.3736,23.1217,49.17,97,100,12.21
477,Ulladulla,AU,2022-05-30 15:07:58,-35.35,150.4667,50.77,66,81,13.09
478,Bilibino,RU,2022-05-30 15:07:58,68.0546,166.4372,45.81,68,100,2.51
479,Jardim,BR,2022-05-30 15:07:59,-21.4803,-56.1381,72.52,81,89,6.44
480,Sorong,ID,2022-05-30 15:07:59,-0.8833,131.25,81.09,79,100,5.88
481,Atar,MR,2022-05-30 15:07:59,20.5169,-13.0499,104.7,12,6,6.6
482,Sajanan,TN,2022-05-30 15:08:00,37.0573,9.2426,84.33,35,95,9.46
483,Bereda,ES,2022-05-30 15:08:00,43.2686,-7.5406,64.58,77,100,1.99
484,Kaseda,JP,2022-05-30 15:08:00,31.4167,130.3167,69.55,90,100,10.31
485,Mahina,PF,2022-05-30 15:08:01,-17.5065,-149.489,73.17,78,20,4.61
486,Yantal,RU,2022-05-30 15:08:01,56.8471,105.2542,52.95,47,84,3.83
487,Verkhniy Ufaley,RU,2022-05-30 15:08:01,56.0567,60.2306,54.73,63,49,9.6
488,Shingu,JP,2022-05-30 15:08:02,33.7333,135.9833,65.48,95,100,9.89
489,Mufulira,ZM,2022-05-30 15:08:02,-12.5498,28.2407,71.2,45,0,3.56
490,Weligama,LK,2022-05-30 15:08:02,5.9667,80.4167,77.92,89,100,12.28
491,Cape Coast,GH,2022-05-30 15:08:03,5.1053,-1.2466,82.63,74,35,8.95
492,Airai,TL,2022-05-30 15:08:03,-8.9266,125.4092,60.71,93,100,1.05
493,Nagato,JP,2022-05-30 15:08:03,34.3833,131.2,64.2,90,85,6.44
494,Nha Trang,VN,2022-05-30 15:08:00,12.25,109.1833,84.2,83,68,2.55
495,Iquitos,PE,2022-05-30 15:08:04,-3.7481,-73.2472,82.44,83,75,4.61
496,Leua,SK,2022-05-30 15:08:04,48.2156,18.6071,70.21,46,57,4.09
497,Tanda,IN,2022-05-30 15:08:05,26.55,82.65,103.15,15,74,3.15
498,Salta,AR,2022-05-30 15:08:05,-24.7859,-65.4117,50.58,81,94,5.01
499,Vila Do Maio,CV,2022-05-30 15:08:05,15.1333,-23.2167,83.19,83,13,14.41
500,Svetlyy,RU,2022-05-30 15:08:06,54.675,20.1347,53.65,85,100,6.87
501,Yanam,IN,2022-05-30 15:08:06,16.7333,82.2167,86.88,68,100,3.85
502,Wanning,CN,2022-05-30 15:08:06,18.8003,110.3967,80.74,88,67,4.0
503,Krasnyy Oktyabr,RU,2022-05-30 15:08:07,56.1167,38.8833,64.85,50,67,5.01
504,Unity,CA,2022-05-30 15:08:08,52.4501,-109.1682,50.25,79,100,17.29
505,Pacific Grove,US,2022-05-30 15:08:08,36.6177,-121.9166,55.51,82,40,14.0
506,Moscow,RU,2022-05-30 15:04:52,55.7522,37.6156,66.63,41,74,8.12
507,Bonavista,CA,2022-05-30 15:09:11,48.6499,-53.1147,50.29,76,100,8.72
508,Bonanza,NI,2022-05-30 15:09:12,14.0289,-84.591,72.7,98,100,1.68
509,Oktyabrskiy,RU,2022-05-30 15:09:12,54.4815,53.471,58.89,69,19,9.53
510,Abu Samrah,SY,2022-05-30 15:09:12,35.3029,37.1841,95.65,13,3,21.65
511,Garwolin,PL,2022-05-30 15:09:13,51.8975,21.6147,58.05,89,100,5.99
512,Vestmanna,FO,2022-05-30 15:09:13,62.1564,-7.1664,45.52,81,100,11.5
513,Byron Bay,AU,2022-05-30 15:09:14,-28.65,153.6167,58.95,61,74,17.36
514,Isangel,VU,2022-05-30 15:09:14,-19.55,169.2667,76.68,87,3,6.22
515,Micheweni,TZ,2022-05-30 15:09:14,-4.9667,39.8333,79.88,71,75,11.7
516,Faya,SA,2022-05-30 15:09:15,18.3851,42.4509,77.52,30,62,7.07
517,Port Moresby,PG,2022-05-30 15:09:15,-9.4431,147.1797,74.88,86,35,5.73
518,Shrigonda,IN,2022-05-30 15:09:15,18.6167,74.6833,87.46,43,56,18.16
519,Kingsville,US,2022-05-30 15:08:19,27.5159,-97.8561,86.09,72,75,18.41
520,Rio Grande,BR,2022-05-30 15:09:16,-32.035,-52.0986,51.91,53,48,17.67
521,Port Lincoln,AU,2022-05-30 15:09:17,-34.7333,135.8667,55.98,69,100,22.73
522,Saurimo,AO,2022-05-30 15:09:17,-9.6608,20.3916,83.26,26,0,6.42
523,Krasnyye Baki,RU,2022-05-30 15:09:18,57.131,45.1599,60.37,60,71,8.61
524,Miles City,US,2022-05-30 15:09:18,46.4083,-105.8406,54.57,82,100,16.11
525,Zhuhai,CN,2022-05-30 15:09:18,22.2769,113.5678,83.86,89,40,8.05
526,Clonakilty,IE,2022-05-30 15:09:19,51.6231,-8.8706,58.08,61,92,10.42
527,Biltine,TD,2022-05-30 15:09:19,14.5333,20.9167,102.81,7,4,6.24
528,Alice,US,2022-05-30 15:09:19,27.7523,-98.0697,85.57,70,75,24.16
529,Pyapon,MM,2022-05-30 15:09:20,16.2833,95.6833,80.06,86,99,7.07
530,Asau,RO,2022-05-30 15:09:20,46.4333,26.4,74.32,67,32,2.33
531,Miami,US,2022-05-30 15:08:22,25.7743,-80.1937,86.02,81,75,5.99
532,Bakhtiyarpur,IN,2022-05-30 15:07:11,25.4667,85.5167,87.82,40,3,15.66
533,Hope,US,2022-05-30 15:09:21,33.6671,-93.5916,80.65,67,20,13.04
534,Benjamin Aceval,PY,2022-05-30 15:09:21,-24.9667,-57.5667,62.74,71,100,10.89
535,Svetlogorsk,BY,2022-05-30 15:09:22,52.6333,29.7333,53.92,98,100,9.75
536,Omagari,JP,2022-05-30 15:09:23,39.45,140.4833,54.59,71,100,6.93
537,Kangshan,CN,2022-05-30 15:09:23,28.8812,116.4311,72.63,86,100,4.88
538,Esso,RU,2022-05-30 15:09:23,55.9333,158.7,31.41,94,43,2.13
539,Tateyama,JP,2022-05-30 15:09:24,34.9833,139.8667,69.1,90,100,7.54
540,Angra Dos Reis,BR,2022-05-30 15:09:24,-23.0067,-44.3181,79.21,59,5,4.74
541,Shwebo,MM,2022-05-30 15:09:24,22.5667,95.7,88.56,54,72,11.7
542,Xai-Xai,MZ,2022-05-30 15:09:25,-25.0519,33.6442,69.31,66,100,17.96
543,Lekoni,GA,2022-05-30 15:09:25,-1.5843,14.2591,82.87,60,100,3.94
544,Tripoli,LY,2022-05-30 15:09:25,32.8752,13.1875,86.32,42,92,15.77
545,Lucapa,AO,2022-05-30 15:09:26,-8.4192,20.7447,86.31,23,0,6.85
546,Bonfim,BR,2022-05-30 15:09:26,3.0833,-59.95,86.25,58,23,7.65
547,Bandarbeyla,SO,2022-05-30 15:09:26,9.4942,50.8122,81.43,77,56,29.86
548,Mitu,CO,2022-05-30 15:09:27,1.1983,-70.1733,82.38,71,83,2.3
549,Zabol,AF,2022-05-30 15:09:27,32.25,67.25,68.7,7,0,13.15
550,Jacareacanga,BR,2022-05-30 15:09:27,-6.2222,-57.7528,89.31,55,65,3.24
551,Povarovo,RU,2022-05-30 15:09:28,56.0667,37.05,65.82,49,97,5.03
552,Huejuquilla El Alto,MX,2022-05-30 15:10:28,22.6,-103.8667,68.14,51,4,1.97
553,Yarmouth,US,2022-05-30 15:10:29,41.7057,-70.2286,82.15,61,0,11.99
554,Miri,MY,2022-05-30 15:10:29,4.4148,114.0089,80.01,78,40,2.93
555,Lovozero,RU,2022-05-30 15:10:29,68.005,35.0117,54.66,52,8,13.76
556,Saint-Pierre,RE,2022-05-30 15:10:30,-21.3393,55.4781,73.08,60,20,13.8
557,Kachug,RU,2022-05-30 15:10:30,53.9606,105.8817,50.23,47,65,5.59
558,Imperia,IT,2022-05-30 15:10:30,43.9667,7.7833,67.95,72,75,5.06
559,Miramar,US,2022-05-30 15:10:31,25.9873,-80.2323,86.02,75,0,6.91
560,Lompoc,US,2022-05-30 15:10:31,34.6391,-120.4579,60.62,82,0,23.0
561,Gashua,NG,2022-05-30 15:08:14,12.871,11.0482,105.33,6,1,11.27
562,Rocha,UY,2022-05-30 15:07:27,-34.4833,-54.3333,50.58,61,16,18.9
563,Yekaterinoslavka,RU,2022-05-30 15:10:32,50.3734,129.1139,52.18,97,100,8.61
564,Mildura,AU,2022-05-30 15:10:32,-34.2,142.15,49.06,93,10,13.6
565,Puerto Narino,CO,2022-05-30 15:10:32,-3.7703,-70.3831,85.96,64,41,1.61
566,Mana,GF,2022-05-30 15:10:33,5.6592,-53.7767,80.58,84,44,9.04
567,Fengzhen,CN,2022-05-30 15:10:33,40.4394,113.1536,58.55,18,35,4.18
568,Luanda,AO,2022-05-30 15:08:42,-8.8368,13.2343,77.0,73,20,8.05
569,Gimli,CA,2022-05-30 15:10:34,50.6336,-96.9907,57.06,95,99,13.09
570,Piacabucu,BR,2022-05-30 15:10:34,-10.4056,-36.4344,79.63,85,26,10.36
571,Belgrade,RS,2022-05-30 15:08:06,44.804,20.4651,72.34,63,20,6.91
572,Longkou,CN,2022-05-30 15:10:35,37.6508,120.3286,67.82,39,0,16.15
573,Penzance,GB,2022-05-30 15:06:55,50.1186,-5.5371,60.12,55,20,11.5
574,Nara,JP,2022-05-30 15:07:02,34.6851,135.8049,64.96,89,100,7.07
575,Batagay-Alyta,RU,2022-05-30 15:10:36,67.8006,130.4114,31.93,98,100,3.09
576,Alofi,NU,2022-05-30 15:10:36,-19.0595,-169.9187,67.89,94,40,1.14
577,Maldonado,UY,2022-05-30 15:10:36,-34.6667,-54.9167,48.22,63,41,20.31
578,San Ramon,US,2022-05-30 15:06:05,37.7799,-121.978,60.39,73,0,1.99
579,Alice Springs,AU,2022-05-30 15:10:37,-23.7,133.8833,53.15,40,100,4.61
580,Kashima,JP,2022-05-30 15:10:37,33.1061,130.0906,68.72,94,98,3.74
